{
    "model_epoch_009_step_05458": {
        "mAP": 0.15,
        "cmc": {
            "Rank-1": 0.33899999999999997,
            "Rank-5": 0.491,
            "Rank-10": 0.546
        }
    },
    "model_epoch_019_step_10929": {
        "mAP": 0.182,
        "cmc": {
            "Rank-1": 0.39399999999999996,
            "Rank-5": 0.552,
            "Rank-10": 0.619
        }
    },
    "model_epoch_029_step_16399": {
        "mAP": 0.222,
        "cmc": {
            "Rank-1": 0.467,
            "Rank-5": 0.602,
            "Rank-10": 0.669
        }
    },
    "model_epoch_039_step_21863": {
        "mAP": 0.215,
        "cmc": {
            "Rank-1": 0.467,
            "Rank-5": 0.625,
            "Rank-10": 0.667
        }
    },
    "model_epoch_049_step_27337": {
        "mAP": 0.21,
        "cmc": {
            "Rank-1": 0.456,
            "Rank-5": 0.588,
            "Rank-10": 0.665
        }
    },
    "model_epoch_059_step_32791": {
        "mAP": 0.23600000000000002,
        "cmc": {
            "Rank-1": 0.467,
            "Rank-5": 0.619,
            "Rank-10": 0.6920000000000001
        }
    },
    "reid_model_latest": {
        "mAP": 0.23600000000000002,
        "cmc": {
            "Rank-1": 0.467,
            "Rank-5": 0.619,
            "Rank-10": 0.6920000000000001
        }
    }
}