{
    "model_epoch_009_step_45593": {
        "mAP": 0.6679999999999999,
        "cmc": {
            "Rank-1": 0.903,
            "Rank-5": 0.927,
            "Rank-10": 0.937
        }
    },
    "model_epoch_009_step_45639": {
        "mAP": 0.6629999999999999,
        "cmc": {
            "Rank-1": 0.904,
            "Rank-5": 0.929,
            "Rank-10": 0.941
        }
    },
    "model_epoch_014_step_68437": {
        "mAP": 0.69,
        "cmc": {
            "Rank-1": 0.91,
            "Rank-5": 0.937,
            "Rank-10": 0.9470000000000001
        }
    },
    "model_epoch_019_step_91253": {
        "mAP": 0.693,
        "cmc": {
            "Rank-1": 0.917,
            "Rank-5": 0.9420000000000001,
            "Rank-10": 0.95
        }
    },
    "model_epoch_024_step_114079": {
        "mAP": 0.698,
        "cmc": {
            "Rank-1": 0.92,
            "Rank-5": 0.9420000000000001,
            "Rank-10": 0.953
        }
    },
    "model_epoch_029_step_136888": {
        "mAP": 0.7070000000000001,
        "cmc": {
            "Rank-1": 0.9209999999999999,
            "Rank-5": 0.9440000000000001,
            "Rank-10": 0.953
        }
    },
    "model_epoch_034_step_159704": {
        "mAP": 0.705,
        "cmc": {
            "Rank-1": 0.9209999999999999,
            "Rank-5": 0.943,
            "Rank-10": 0.953
        }
    },
    "model_epoch_039_step_182511": {
        "mAP": 0.7140000000000001,
        "cmc": {
            "Rank-1": 0.9209999999999999,
            "Rank-5": 0.946,
            "Rank-10": 0.9570000000000001
        }
    },
    "model_epoch_044_step_205317": {
        "mAP": 0.7190000000000001,
        "cmc": {
            "Rank-1": 0.927,
            "Rank-5": 0.95,
            "Rank-10": 0.958
        }
    },
    "model_epoch_049_step_228122": {
        "mAP": 0.721,
        "cmc": {
            "Rank-1": 0.9229999999999999,
            "Rank-5": 0.9470000000000001,
            "Rank-10": 0.956
        }
    },
    "model_epoch_054_step_250949": {
        "mAP": 0.722,
        "cmc": {
            "Rank-1": 0.925,
            "Rank-5": 0.9490000000000001,
            "Rank-10": 0.9570000000000001
        }
    },
    "model_epoch_059_step_273753": {
        "mAP": 0.7240000000000001,
        "cmc": {
            "Rank-1": 0.924,
            "Rank-5": 0.9490000000000001,
            "Rank-10": 0.958
        }
    },
    "model_epoch_064_step_296548": {
        "mAP": 0.7240000000000001,
        "cmc": {
            "Rank-1": 0.9229999999999999,
            "Rank-5": 0.9470000000000001,
            "Rank-10": 0.9570000000000001
        }
    },
    "model_epoch_069_step_319355": {
        "mAP": 0.725,
        "cmc": {
            "Rank-1": 0.922,
            "Rank-5": 0.946,
            "Rank-10": 0.955
        }
    },
    "model_epoch_074_step_342190": {
        "mAP": 0.727,
        "cmc": {
            "Rank-1": 0.922,
            "Rank-5": 0.951,
            "Rank-10": 0.9590000000000001
        }
    },
    "model_epoch_079_step_364995": {
        "mAP": 0.728,
        "cmc": {
            "Rank-1": 0.9229999999999999,
            "Rank-5": 0.946,
            "Rank-10": 0.958
        }
    },
    "model_epoch_084_step_387799": {
        "mAP": 0.73,
        "cmc": {
            "Rank-1": 0.9229999999999999,
            "Rank-5": 0.948,
            "Rank-10": 0.9570000000000001
        }
    },
    "model_epoch_089_step_410636": {
        "mAP": 0.731,
        "cmc": {
            "Rank-1": 0.927,
            "Rank-5": 0.95,
            "Rank-10": 0.9590000000000001
        }
    },
    "model_epoch_094_step_433464": {
        "mAP": 0.7290000000000001,
        "cmc": {
            "Rank-1": 0.925,
            "Rank-5": 0.946,
            "Rank-10": 0.958
        }
    },
    "model_epoch_099_step_456267": {
        "mAP": 0.733,
        "cmc": {
            "Rank-1": 0.925,
            "Rank-5": 0.9470000000000001,
            "Rank-10": 0.9590000000000001
        }
    },
    "model_epoch_104_step_479082": {
        "mAP": 0.733,
        "cmc": {
            "Rank-1": 0.9259999999999999,
            "Rank-5": 0.9490000000000001,
            "Rank-10": 0.958
        }
    },
    "model_epoch_109_step_501887": {
        "mAP": 0.7340000000000001,
        "cmc": {
            "Rank-1": 0.924,
            "Rank-5": 0.946,
            "Rank-10": 0.958
        }
    },
    "model_epoch_114_step_524701": {
        "mAP": 0.733,
        "cmc": {
            "Rank-1": 0.922,
            "Rank-5": 0.9470000000000001,
            "Rank-10": 0.955
        }
    },
    "model_epoch_119_step_547528": {
        "mAP": 0.7340000000000001,
        "cmc": {
            "Rank-1": 0.9259999999999999,
            "Rank-5": 0.95,
            "Rank-10": 0.9570000000000001
        }
    },
    "model_epoch_124_step_570349": {
        "mAP": 0.733,
        "cmc": {
            "Rank-1": 0.9259999999999999,
            "Rank-5": 0.95,
            "Rank-10": 0.96
        }
    },
    "model_epoch_129_step_593131": {
        "mAP": 0.738,
        "cmc": {
            "Rank-1": 0.927,
            "Rank-5": 0.946,
            "Rank-10": 0.9590000000000001
        }
    },
    "model_epoch_134_step_615934": {
        "mAP": 0.7390000000000001,
        "cmc": {
            "Rank-1": 0.924,
            "Rank-5": 0.945,
            "Rank-10": 0.956
        }
    },
    "model_epoch_139_step_638755": {
        "mAP": 0.737,
        "cmc": {
            "Rank-1": 0.925,
            "Rank-5": 0.9490000000000001,
            "Rank-10": 0.958
        }
    },
    "model_epoch_144_step_661581": {
        "mAP": 0.7390000000000001,
        "cmc": {
            "Rank-1": 0.93,
            "Rank-5": 0.951,
            "Rank-10": 0.9590000000000001
        }
    },
    "model_epoch_149_step_684382": {
        "mAP": 0.738,
        "cmc": {
            "Rank-1": 0.9259999999999999,
            "Rank-5": 0.945,
            "Rank-10": 0.956
        }
    },
    "model_epoch_150_step_688919": {
        "mAP": 0.7390000000000001,
        "cmc": {
            "Rank-1": 0.9259999999999999,
            "Rank-5": 0.9470000000000001,
            "Rank-10": 0.961
        }
    },
    "reid_model_latest": {
        "mAP": 0.7390000000000001,
        "cmc": {
            "Rank-1": 0.9259999999999999,
            "Rank-5": 0.9470000000000001,
            "Rank-10": 0.961
        }
    }
}