{
    "model_epoch_009_step_14179": {
        "mAP": 0.47200000000000003,
        "cmc": {
            "Rank-1": 0.62,
            "Rank-5": 0.789,
            "Rank-10": 0.8170000000000001
        }
    },
    "model_epoch_019_step_28379": {
        "mAP": 0.557,
        "cmc": {
            "Rank-1": 0.775,
            "Rank-5": 0.8170000000000001,
            "Rank-10": 0.8590000000000001
        }
    },
    "model_epoch_029_step_42546": {
        "mAP": 0.594,
        "cmc": {
            "Rank-1": 0.831,
            "Rank-5": 0.887,
            "Rank-10": 0.9009999999999999
        }
    },
    "model_epoch_039_step_56739": {
        "mAP": 0.612,
        "cmc": {
            "Rank-1": 0.8170000000000001,
            "Rank-5": 0.9009999999999999,
            "Rank-10": 0.9440000000000001
        }
    },
    "model_epoch_049_step_70907": {
        "mAP": 0.594,
        "cmc": {
            "Rank-1": 0.775,
            "Rank-5": 0.845,
            "Rank-10": 0.887
        }
    },
    "model_epoch_059_step_85107": {
        "mAP": 0.617,
        "cmc": {
            "Rank-1": 0.775,
            "Rank-5": 0.9009999999999999,
            "Rank-10": 0.915
        }
    },
    "reid_model_latest": {
        "mAP": 0.617,
        "cmc": {
            "Rank-1": 0.775,
            "Rank-5": 0.9009999999999999,
            "Rank-10": 0.915
        }
    }
}