{
    "model_epoch_004_step_00670": {
        "mAP": 0.024,
        "cmc": {
            "Rank-1": 0.047,
            "Rank-5": 0.15,
            "Rank-10": 0.19699999999999998
        }
    },
    "model_epoch_009_step_01337": {
        "mAP": 0.025,
        "cmc": {
            "Rank-1": 0.039,
            "Rank-5": 0.126,
            "Rank-10": 0.187
        }
    },
    "model_epoch_014_step_02004": {
        "mAP": 0.025,
        "cmc": {
            "Rank-1": 0.037000000000000005,
            "Rank-5": 0.11599999999999999,
            "Rank-10": 0.187
        }
    },
    "model_epoch_019_step_02669": {
        "mAP": 0.025,
        "cmc": {
            "Rank-1": 0.034,
            "Rank-5": 0.124,
            "Rank-10": 0.187
        }
    },
    "model_epoch_024_step_03333": {
        "mAP": 0.024,
        "cmc": {
            "Rank-1": 0.053,
            "Rank-5": 0.142,
            "Rank-10": 0.187
        }
    },
    "model_epoch_029_step_03998": {
        "mAP": 0.025,
        "cmc": {
            "Rank-1": 0.039,
            "Rank-5": 0.11599999999999999,
            "Rank-10": 0.17600000000000002
        }
    },
    "model_epoch_034_step_04649": {
        "mAP": 0.024,
        "cmc": {
            "Rank-1": 0.037000000000000005,
            "Rank-5": 0.11,
            "Rank-10": 0.17800000000000002
        }
    },
    "model_epoch_039_step_05309": {
        "mAP": 0.025,
        "cmc": {
            "Rank-1": 0.051,
            "Rank-5": 0.158,
            "Rank-10": 0.21100000000000002
        }
    },
    "model_epoch_044_step_05971": {
        "mAP": 0.025,
        "cmc": {
            "Rank-1": 0.047,
            "Rank-5": 0.126,
            "Rank-10": 0.174
        }
    },
    "model_epoch_049_step_06635": {
        "mAP": 0.024,
        "cmc": {
            "Rank-1": 0.039,
            "Rank-5": 0.11,
            "Rank-10": 0.185
        }
    },
    "model_epoch_054_step_07293": {
        "mAP": 0.024,
        "cmc": {
            "Rank-1": 0.024,
            "Rank-5": 0.099,
            "Rank-10": 0.162
        }
    },
    "model_epoch_059_step_07955": {
        "mAP": 0.025,
        "cmc": {
            "Rank-1": 0.043,
            "Rank-5": 0.134,
            "Rank-10": 0.185
        }
    },
    "reid_model_latest": {
        "mAP": 0.025,
        "cmc": {
            "Rank-1": 0.043,
            "Rank-5": 0.134,
            "Rank-10": 0.185
        }
    }
}