{
    "model_epoch_009_step_02725": {
        "mAP": 0.136,
        "cmc": {
            "Rank-1": 0.278,
            "Rank-5": 0.42,
            "Rank-10": 0.48700000000000004
        }
    },
    "model_epoch_019_step_05426": {
        "mAP": 0.166,
        "cmc": {
            "Rank-1": 0.341,
            "Rank-5": 0.519,
            "Rank-10": 0.594
        }
    },
    "model_epoch_029_step_08129": {
        "mAP": 0.195,
        "cmc": {
            "Rank-1": 0.402,
            "Rank-5": 0.544,
            "Rank-10": 0.615
        }
    },
    "model_epoch_039_step_10831": {
        "mAP": 0.21100000000000002,
        "cmc": {
            "Rank-1": 0.45399999999999996,
            "Rank-5": 0.604,
            "Rank-10": 0.667
        }
    },
    "model_epoch_049_step_13553": {
        "mAP": 0.175,
        "cmc": {
            "Rank-1": 0.373,
            "Rank-5": 0.56,
            "Rank-10": 0.637
        }
    },
    "model_epoch_059_step_16256": {
        "mAP": 0.175,
        "cmc": {
            "Rank-1": 0.406,
            "Rank-5": 0.5539999999999999,
            "Rank-10": 0.615
        }
    },
    "reid_model_latest": {
        "mAP": 0.175,
        "cmc": {
            "Rank-1": 0.406,
            "Rank-5": 0.5539999999999999,
            "Rank-10": 0.615
        }
    }
}