{
    "model_epoch_012_step_01700": {
        "mAP": 0.026000000000000002,
        "cmc": {
            "Rank-1": 0.043,
            "Rank-5": 0.12,
            "Rank-10": 0.185
        }
    },
    "model_epoch_014_step_02016": {
        "mAP": 0.025,
        "cmc": {
            "Rank-1": 0.026000000000000002,
            "Rank-5": 0.10800000000000001,
            "Rank-10": 0.193
        }
    },
    "model_epoch_019_step_02682": {
        "mAP": 0.025,
        "cmc": {
            "Rank-1": 0.040999999999999995,
            "Rank-5": 0.126,
            "Rank-10": 0.17600000000000002
        }
    },
    "model_epoch_024_step_03347": {
        "mAP": 0.025,
        "cmc": {
            "Rank-1": 0.032,
            "Rank-5": 0.136,
            "Rank-10": 0.209
        }
    },
    "model_epoch_029_step_04011": {
        "mAP": 0.024,
        "cmc": {
            "Rank-1": 0.027999999999999997,
            "Rank-5": 0.11,
            "Rank-10": 0.158
        }
    },
    "model_epoch_034_step_04679": {
        "mAP": 0.024,
        "cmc": {
            "Rank-1": 0.039,
            "Rank-5": 0.114,
            "Rank-10": 0.172
        }
    },
    "model_epoch_039_step_05344": {
        "mAP": 0.024,
        "cmc": {
            "Rank-1": 0.040999999999999995,
            "Rank-5": 0.128,
            "Rank-10": 0.195
        }
    },
    "model_epoch_044_step_06010": {
        "mAP": 0.024,
        "cmc": {
            "Rank-1": 0.034,
            "Rank-5": 0.132,
            "Rank-10": 0.17800000000000002
        }
    },
    "model_epoch_049_step_06671": {
        "mAP": 0.023,
        "cmc": {
            "Rank-1": 0.027999999999999997,
            "Rank-5": 0.099,
            "Rank-10": 0.162
        }
    },
    "model_epoch_054_step_07344": {
        "mAP": 0.023,
        "cmc": {
            "Rank-1": 0.026000000000000002,
            "Rank-5": 0.11599999999999999,
            "Rank-10": 0.187
        }
    },
    "model_epoch_059_step_08010": {
        "mAP": 0.024,
        "cmc": {
            "Rank-1": 0.040999999999999995,
            "Rank-5": 0.122,
            "Rank-10": 0.19699999999999998
        }
    },
    "reid_model_latest": {
        "mAP": 0.024,
        "cmc": {
            "Rank-1": 0.040999999999999995,
            "Rank-5": 0.122,
            "Rank-10": 0.19699999999999998
        }
    }
}