{
    "model_epoch_009_step_25519": {
        "mAP": 0.9209999999999999,
        "cmc": {
            "Rank-1": 0.9990000000000001,
            "Rank-5": 0.9990000000000001,
            "Rank-10": 0.9990000000000001
        }
    },
    "reid_model_latest": {
        "mAP": 0.9209999999999999,
        "cmc": {
            "Rank-1": 0.9990000000000001,
            "Rank-5": 0.9990000000000001,
            "Rank-10": 0.9990000000000001
        }
    }
}